file,cpn,width,height,area,max_dim,min_dim,n_pages,scale_p1,scale_p2,scale_p3
E-RAD4-23.00X34.75-BK05-30K-SALES-AID-A.1.PDF,RAD4-23.00X34.75-BK05-30K,23.0,34.75,799.25,34.75,23.0,2,10,8,
E-RAD4-24.00X36.00-BK05-KD-30K-SALES-AID-A.1.PDF,RAD4-24.00X36.00-BK05-KD-30K,24.0,36.0,864.0,36.0,24.0,2,10,10,
E-RAD4-34.75X34.75-BK05-30K-SALES-AID-A.1.PDF,RAD4-34.75X34.75-BK05-30K,34.75,34.75,1207.5625,34.75,34.75,2,10,10,
RAD4-17.25X56.00-CH04-30K-SALES-AID-A.1.pdf,RAD4-17.25X56.00-CH04-30K,17.25,56.0,966.0,56.0,17.25,2,12,12,
RAD4-17.25X62.00-CH04-30K-SALES-AID-A.1.pdf,RAD4-17.25X62.00-CH04-30K,17.25,62.0,1069.5,62.0,17.25,2,12,14,
RAD4-19.00X38.75-CH04-30K-SALES-AID-A.1.PDF,RAD4-19.00X38.75-CH04-30K,19.0,38.75,736.25,38.75,19.0,2,10,10,
RAD4-19.00X40.00-BR02-30K-SALES-AID-A.1.PDF,RAD4-19.00X40.00-BR02-30K,19.0,40.0,760.0,40.0,19.0,2,10,10,
RAD4-20.00X48.00-BR02-WG3-30K-SALES-AID-A.1.PDF,RAD4-20.00X48.00-BR02-WG3-30K,20.0,48.0,960.0,48.0,20.0,2,12,12,
RAD4-21.00X36.00-BR02-D2-30K-SALES-AID-A.1.PDF,RAD4-21.00X36.00-BR02-D2-30K,21.0,36.0,756.0,36.0,21.0,2,10,10,
RAD4-21.00X42.00-BK05-WG3-30K-SALES-AID-A.1.PDF,RAD4-21.00X42.00-BK05-WG3-30K,21.0,42.0,882.0,42.0,21.0,2,10,10,
RAD4-21.00X42.00-CH04-D1-30K-SALES-AID-A.1.pdf,RAD4-21.00X42.00-CH04-D1-30K,21.0,42.0,882.0,42.0,21.0,2,10,10,
RAD4-22.00X48.00-BR02-KG-35K-SALES-AID-A.1.pdf,RAD4-22.00X48.00-BR02-KG-35K,22.0,48.0,1056.0,48.0,22.0,2,12,12,
RAD4-22.00X60.00-BR02-KG-WR-30K-SALES-AID-A.1.PDF,RAD4-22.00X60.00-BR02-KG-WR-30K,22.0,60.0,1320.0,60.0,22.0,2,14,14,
RAD4-23.00X34.75-BK05-30K-SALES-AID-A.1.PDF,RAD4-23.00X34.75-BK05-30K,23.0,34.75,799.25,34.75,23.0,2,10,8,
RAD4-23.00X34.75-CH04-30K-SALES-AID-A.1.PDF,RAD4-23.00X34.75-CH04-30K,23.0,34.75,799.25,34.75,23.0,2,10,8,
RAD4-23.00X34.75-CH04-30K-SALES-AID-A.2.pdf,RAD4-23.00X34.75-CH04-30K,23.0,34.75,799.25,34.75,23.0,2,10,8,
RAD4-23.00X34.75-CH04-30K-SALES-AID-A.3.PDF,RAD4-23.00X34.75-CH04-30K,23.0,34.75,799.25,34.75,23.0,2,10,8,
RAD4-23.00X34.75-CH04-D1-30K-SALES-AID-A.1.PDF,RAD4-23.00X34.75-CH04-D1-30K,23.0,34.75,799.25,34.75,23.0,2,10,8,
RAD4-23.00X44.75-BK05-D2-30K-SALES-AID-A.1.PDF,RAD4-23.00X44.75-BK05-D2-30K,23.0,44.75,1029.25,44.75,23.0,2,12,10,
RAD4-23.00X46.75-CH04-30K-SALES-AID-A.1.PDF,RAD4-23.00X46.75-CH04-30K,23.0,46.75,1075.25,46.75,23.0,2,12,12,
RAD4-23.00X50.50-BK05-D2-30K-SALES-AID-A.1.PDF,RAD4-23.00X50.50-BK05-D2-30K,23.0,50.5,1161.5,50.5,23.0,2,12,10,
RAD4-24.00X36.00-BK05-30K-SALES-AID-A.2.pdf,RAD4-24.00X36.00-BK05-30K,24.0,36.0,864.0,36.0,24.0,2,10,8,
RAD4-24.00X36.00-BK05-CK2-30K-SALES-AID-A.1.PDF,RAD4-24.00X36.00-BK05-CK2-30K,24.0,36.0,864.0,36.0,24.0,2,10,10,
RAD4-24.00X36.00-BK05-D1-30K-SALES-AID-A.1.PDF,RAD4-24.00X36.00-BK05-D1-30K,24.0,36.0,864.0,36.0,24.0,2,12,10,
RAD4-24.00X36.00-BK05-D1-DF-277V-27K-SALES-AID-A.1.PDF,RAD4-24.00X36.00-BK05-D1-DF-277V-27K,24.0,36.0,864.0,36.0,24.0,2,10,10,
RAD4-24.00X36.00-BK05-D1-DF-27K-SALES-AID-A.1.PDF,RAD4-24.00X36.00-BK05-D1-DF-27K,24.0,36.0,864.0,36.0,24.0,2,10,10,
RAD4-24.00X36.00-BK05-D1-DF-30K-SALES-AID-A.1.PDF,RAD4-24.00X36.00-BK05-D1-DF-30K,24.0,36.0,864.0,36.0,24.0,2,10,10,
RAD4-24.00X36.00-BK05-KD-30K-SALES-AID-A.1.PDF,RAD4-24.00X36.00-BK05-KD-30K,24.0,36.0,864.0,36.0,24.0,2,10,10,
RAD4-24.00X36.00-BK05-KG-30K-SALES-AID-A.1.PDF,RAD4-24.00X36.00-BK05-KG-30K,24.0,36.0,864.0,36.0,24.0,2,10,10,
RAD4-24.00X36.00-BR02-30K-SALES-AID-A.1.PDF,RAD4-24.00X36.00-BR02-30K,24.0,36.0,864.0,36.0,24.0,2,10,8,
RAD4-24.00X36.00-BR02-DF-KG-30K-SALES-AID-A.1.PDF,RAD4-24.00X36.00-BR02-DF-KG-30K,24.0,36.0,864.0,36.0,24.0,2,10,8,
RAD4-24.00X36.00-CH04-277V-30K-SALES-AID-A.1.PDF,RAD4-24.00X36.00-CH04-277V-30K,24.0,36.0,864.0,36.0,24.0,2,10,8,
RAD4-24.00X36.00-CH04-30K-SALES-AID-A.2.PDF,RAD4-24.00X36.00-CH04-30K,24.0,36.0,864.0,36.0,24.0,2,10,8,
RAD4-24.00X36.00-CH04-35K-SALES-AID-A.1.PDF,RAD4-24.00X36.00-CH04-35K,24.0,36.0,864.0,36.0,24.0,2,10,8,
RAD4-24.00X36.00-CH04-CC2-KC-30K-SALES-AID-A.1.PDF,RAD4-24.00X36.00-CH04-CC2-KC-30K,24.0,36.0,864.0,36.0,24.0,2,10,10,
RAD4-24.00X36.00-CH04-CK2-D1-30K-SALES-AID-A.1.PDF,RAD4-24.00X36.00-CH04-CK2-D1-30K,24.0,36.0,864.0,36.0,24.0,2,12,10,
RAD4-24.00X36.00-CH04-D1-27K-SALES-AID-A.1.pdf,RAD4-24.00X36.00-CH04-D1-27K,24.0,36.0,864.0,36.0,24.0,2,10,8,
RAD4-24.00X36.00-CH04-D1-30K-SALES-AID-A.1.PDF,RAD4-24.00X36.00-CH04-D1-30K,24.0,36.0,864.0,36.0,24.0,2,12,10,
RAD4-24.00X36.00-CH04-D1-DF-30K-SALES-AID-A.1.PDF,RAD4-24.00X36.00-CH04-D1-DF-30K,24.0,36.0,864.0,36.0,24.0,2,10,10,
RAD4-24.00X36.00-CH04-DF-30K-SALES-AID-A.1.PDF,RAD4-24.00X36.00-CH04-DF-30K,24.0,36.0,864.0,36.0,24.0,2,10,10,
RAD4-24.00X36.00-NK04-30K-SALES-AID-A.1.PDF,RAD4-24.00X36.00-NK04-30K,24.0,36.0,864.0,36.0,24.0,2,10,8,
RAD4-24.00X36.00-NK04-WG3-30K-SALES-AID-A.1.PDF,RAD4-24.00X36.00-NK04-WG3-30K,24.0,36.0,864.0,36.0,24.0,2,10,10,
RAD4-24.00X40.00-BR02-D2-30K-SALES-AID-A.1.PDF,RAD4-24.00X40.00-BR02-D2-30K,24.0,40.0,960.0,40.0,24.0,2,10,10,
RAD4-24.00X44.00-CH04-30K-SALES-AID-A.1.PDF,RAD4-24.00X44.00-CH04-30K,24.0,44.0,1056.0,44.0,24.0,2,10,10,
RAD4-24.00X45.00-BK05-SO-30K-SALES-AID-A.1.PDF,RAD4-24.00X45.00-BK05-SO-30K,24.0,45.0,1080.0,45.0,24.0,2,10,10,
RAD4-24.00X45.00-CH04-D2-30K-SALES-AID-A.1.pdf,RAD4-24.00X45.00-CH04-D2-30K,24.0,45.0,1080.0,45.0,24.0,2,10,10,
RAD4-24.00X45.00-NK04-WG3-30K-SALES-AID-A.1.PDF,RAD4-24.00X45.00-NK04-WG3-30K,24.0,45.0,1080.0,45.0,24.0,2,10,10,
RAD4-24.00X48.00-BK05-D2-30K-SALES-AID-A.1.PDF,RAD4-24.00X48.00-BK05-D2-30K,24.0,48.0,1152.0,48.0,24.0,2,12,12,
RAD4-24.00X48.00-BR02-D2-30K-SALES-AID-A.1.PDF,RAD4-24.00X48.00-BR02-D2-30K,24.0,48.0,1152.0,48.0,24.0,2,12,12,
RAD4-24.00X48.00-CH04-30K-SALES-AID-A.1.PDF,RAD4-24.00X48.00-CH04-30K,24.0,48.0,1152.0,48.0,24.0,2,10,10,
RAD4-24.00X48.00-CH04-D2-27K-SALES-AID-A.1.PDF,RAD4-24.00X48.00-CH04-D2-27K,24.0,48.0,1152.0,48.0,24.0,2,12,12,
RAD4-24.00X48.00-CH04-DF-30K-SALES-AID-A.1.PDF,RAD4-24.00X48.00-CH04-DF-30K,24.0,48.0,1152.0,48.0,24.0,2,10,10,
RAD4-24.00X50.50-BK05-30K-SALES-AID-A.1.pdf,RAD4-24.00X50.50-BK05-30K,24.0,50.5,1212.0,50.5,24.0,2,10,10,
RAD4-24.00X53.00-CH04-30K-SALES-AID-A.1.PDF,RAD4-24.00X53.00-CH04-30K,24.0,53.0,1272.0,53.0,24.0,2,12,12,
RAD4-24.00X56.00-CH04-30K-SALES-AID-A.1.PDF,RAD4-24.00X56.00-CH04-30K,24.0,56.0,1344.0,56.0,24.0,2,12,12,
RAD4-24.00X60.00-BK05-30K-SALES-AID-A.1.PDF,RAD4-24.00X60.00-BK05-30K,24.0,60.0,1440.0,60.0,24.0,2,14,14,
RAD4-24.00X60.00-BK05-30K-SALES-AID-E.1-AI-GENERATED.PDF,RAD4-24.00X60.00-BK05-30K,24.0,60.0,1440.0,60.0,24.0,2,16,16,
RAD4-24.00X60.00-BK05-CK2-30K-SALES-AID-A.1.PDF,RAD4-24.00X60.00-BK05-CK2-30K,24.0,60.0,1440.0,60.0,24.0,2,14,14,
RAD4-24.00X60.00-CH04-30K-SALES-AID-A.1.PDF,RAD4-24.00X60.00-CH04-30K,24.0,60.0,1440.0,60.0,24.0,2,14,14,
RAD4-24.00X72.00-BK05-30K-SALES-AID-A.1.PDF,RAD4-24.00X72.00-BK05-30K,24.0,72.0,1728.0,72.0,24.0,2,16,16,
RAD4-24.00X72.00-CH04-CK2-D1-30K-SALES-AID-A.1.PDF,RAD4-24.00X72.00-CH04-CK2-D1-30K,24.0,72.0,1728.0,72.0,24.0,2,18,18,
RAD4-25.00X50.50-BK05-D2-30K-SALES-AID-A.1.PDF,RAD4-25.00X50.50-BK05-D2-30K,25.0,50.5,1262.5,50.5,25.0,2,12,10,
RAD4-25.00X62.50-CH04-30K-SALES-AID-A.1.PDF,RAD4-25.00X62.50-CH04-30K,25.0,62.5,1562.5,62.5,25.0,2,12,14,
RAD4-26.00X40.00-NK04-30K-SALES-AID-A.1.PDF,RAD4-26.00X40.00-NK04-30K,26.0,40.0,1040.0,40.0,26.0,2,10,10,
RAD4-26.00X40.00-NK04-CC2-NO-30K-SALES-AID-A.1.PDF,RAD4-26.00X40.00-NK04-CC2-NO-30K,26.0,40.0,1040.0,40.0,26.0,2,12,10,
RAD4-26.00X40.00-NK04-NO-30K-SALES-AID-A.1.PDF,RAD4-26.00X40.00-NK04-NO-30K,26.0,40.0,1040.0,40.0,26.0,2,10,10,
RAD4-26.00X42.00-BK05-D2-30K-SALES-AID-A.1.PDF,RAD4-26.00X42.00-BK05-D2-30K,26.0,42.0,1092.0,42.0,26.0,2,10,10,
RAD4-26.00X42.00-BK05-DFX-KG-30K-SALES-AID-A.1.PDF,RAD4-26.00X42.00-BK05-DFX-KG-30K,26.0,42.0,1092.0,42.0,26.0,2,12,10,
RAD4-26.00X42.00-BR02-DFX-KG-30K-SALES-AID-A.1.PDF,RAD4-26.00X42.00-BR02-DFX-KG-30K,26.0,42.0,1092.0,42.0,26.0,2,12,10,
RAD4-26.00X46.00-CH04-D2-30K-SALES-AID-A.1.PDF,RAD4-26.00X46.00-CH04-D2-30K,26.0,46.0,1196.0,46.0,26.0,2,12,10,
RAD4-26.00X49.00-BK05-KG-30K-SALES-AID-A.1.PDF,RAD4-26.00X49.00-BK05-KG-30K,26.0,49.0,1274.0,49.0,26.0,2,14,10,
RAD4-26.00X60.00-BK05-30K-SALES-AID-A.1.PDF,RAD4-26.00X60.00-BK05-30K,26.0,60.0,1560.0,60.0,26.0,2,12,10,
RAD4-26.50X55.75-BK05-D2-30K-SALES-AID-A.1.PDF,RAD4-26.50X55.75-BK05-D2-30K,26.5,55.75,1477.375,55.75,26.5,2,12,12,
RAD4-27.00X57.00-BK05-D2-WG3-30K-SALES-AID-A.1.PDF,RAD4-27.00X57.00-BK05-D2-WG3-30K,27.0,57.0,1539.0,57.0,27.0,2,14,12,
RAD4-27.00X72.25-BK05-KG-WRX-30K-SALES-AID-A.1.PDF,RAD4-27.00X72.25-BK05-KG-WRX-30K,27.0,72.25,1950.75,72.25,27.0,2,16,10,
RAD4-27.75X48.00-CH04-D2-30K-SALES-AID-A.1.PDF,RAD4-27.75X48.00-CH04-D2-30K,27.75,48.0,1332.0,48.0,27.75,2,12,10,
RAD4-28.00X41.00-CH04-D2-30K-SALES-AID-A.1.PDF,RAD4-28.00X41.00-CH04-D2-30K,28.0,41.0,1148.0,41.0,28.0,2,10,10,
RAD4-28.00X44.00-BZ47-27K-SALES-AID-A.1.PDF,RAD4-28.00X44.00-BZ47-27K,28.0,44.0,1232.0,44.0,28.0,2,10,10,
RAD4-28.00X54.00-BK05-D2-30K-SALES-AID-A.1.PDF,RAD4-28.00X54.00-BK05-D2-30K,28.0,54.0,1512.0,54.0,28.0,2,16,14,
RAD4-28.00X80.00-CH04-30K-SALES-AID-A.1.PDF,RAD4-28.00X80.00-CH04-30K,28.0,80.0,2240.0,80.0,28.0,2,16,20,
RAD4-28.00X80.00-CH04-KG-30K-SALES-AID-A.1.PDF,RAD4-28.00X80.00-CH04-KG-30K,28.0,80.0,2240.0,80.0,28.0,2,20,20,
RAD4-28.25X57.00-BK05-D1-30K-SALES-AID-A.1.PDF,RAD4-28.25X57.00-BK05-D1-30K,28.25,57.0,1610.25,57.0,28.25,2,14,12,
RAD4-29.00X40.75-BK05-D2-30K-SALES-AID-A.1.PDF,RAD4-29.00X40.75-BK05-D2-30K,29.0,40.75,1181.75,40.75,29.0,2,12,10,
RAD4-29.00X50.50-BK05-D2-30K-SALES-AID-A.1.PDF,RAD4-29.00X50.50-BK05-D2-30K,29.0,50.5,1464.5,50.5,29.0,2,12,10,
RAD4-29.94X45.38-CH04-30K-SALES-AID-A.1.PDF,RAD4-29.94X45.38-CH04-30K,29.94,45.38,1358.6772,45.38,29.94,2,12,12,
RAD4-30.00X36.00-BR02-D2-30K-SALES-AID-A.1.PDF,RAD4-30.00X36.00-BR02-D2-30K,30.0,36.0,1080.0,36.0,30.0,2,10,10,
RAD4-30.00X40.00-BK05-D2-30K-SALES-AID-A.1.PDF,RAD4-30.00X40.00-BK05-D2-30K,30.0,40.0,1200.0,40.0,30.0,2,12,10,
RAD4-30.00X40.00-BR02-D2-30K-SALES-AID-A.1.PDF,RAD4-30.00X40.00-BR02-D2-30K,30.0,40.0,1200.0,40.0,30.0,2,12,10,
RAD4-30.00X40.00-CH04-D2-30K-SALES-AID-A.1.PDF,RAD4-30.00X40.00-CH04-D2-30K,30.0,40.0,1200.0,40.0,30.0,2,12,10,
RAD4-30.00X42.00-BK05-30K-SALES-AID-A.1.pdf,RAD4-30.00X42.00-BK05-30K,30.0,42.0,1260.0,42.0,30.0,2,12,10,
RAD4-30.00X42.00-BK05-D1-30K-SALES-AID-A.1.PDF,RAD4-30.00X42.00-BK05-D1-30K,30.0,42.0,1260.0,42.0,30.0,2,12,12,
RAD4-30.00X42.00-BK05-D2-30K-SALES-AID-A.1.PDF,RAD4-30.00X42.00-BK05-D2-30K,30.0,42.0,1260.0,42.0,30.0,2,12,10,
RAD4-30.00X42.00-BK05-D2-WG3-30K-SALES-AID-A.2.PDF,RAD4-30.00X42.00-BK05-D2-WG3-30K,30.0,42.0,1260.0,42.0,30.0,2,10,10,
RAD4-30.00X42.00-BK05-DFX-KG-30K-SALES-AID-A.1.PDF,RAD4-30.00X42.00-BK05-DFX-KG-30K,30.0,42.0,1260.0,42.0,30.0,2,12,10,
RAD4-30.00X42.00-BR02-30K-SALES-AID-A.1.pdf,RAD4-30.00X42.00-BR02-30K,30.0,42.0,1260.0,42.0,30.0,2,12,10,
RAD4-30.00X42.00-BR02-DFX-KG-30K-SALES-AID-A.1.PDF,RAD4-30.00X42.00-BR02-DFX-KG-30K,30.0,42.0,1260.0,42.0,30.0,2,12,10,
RAD4-30.00X44.00-BK05-D2-30K-SALES-AID-A.1.PDF,RAD4-30.00X44.00-BK05-D2-30K,30.0,44.0,1320.0,44.0,30.0,2,12,12,
RAD4-30.00X44.00-NK04-30K-SALES-AID-A.1.PDF,RAD4-30.00X44.00-NK04-30K,30.0,44.0,1320.0,44.0,30.0,2,10,10,
RAD4-30.00X45.00-BK05-KG-30K-SALES-AID-A.1.PDF,RAD4-30.00X45.00-BK05-KG-30K,30.0,45.0,1350.0,45.0,30.0,2,12,10,
RAD4-30.00X48.00-BK05-30K-SALES-AID-A.1.pdf,RAD4-30.00X48.00-BK05-30K,30.0,48.0,1440.0,48.0,30.0,2,12,12,
RAD4-30.00X48.00-BK05-D2-30K-SALES-AID-A.1.pdf,RAD4-30.00X48.00-BK05-D2-30K,30.0,48.0,1440.0,48.0,30.0,2,12,12,
RAD4-30.00X48.00-BR02-D2-30K-SALES-AID-A.1.pdf,RAD4-30.00X48.00-BR02-D2-30K,30.0,48.0,1440.0,48.0,30.0,2,12,12,
RAD4-30.00X48.00-BR02-KG-35K-SALES-AID-A.1.pdf,RAD4-30.00X48.00-BR02-KG-35K,30.0,48.0,1440.0,48.0,30.0,2,12,12,
RAD4-30.00X50.00-CH04-D2-30K-SALES-AID-A.1.PDF,RAD4-30.00X50.00-CH04-D2-30K,30.0,50.0,1500.0,50.0,30.0,2,12,12,
RAD4-30.00X52.00-BK05-D1-DF-30K-SALES-AID-A.1.PDF,RAD4-30.00X52.00-BK05-D1-DF-30K,30.0,52.0,1560.0,52.0,30.0,2,12,10,
RAD4-30.00X52.00-BR02-D2-30K-SALES-AID-A.1.PDF,RAD4-30.00X52.00-BR02-D2-30K,30.0,52.0,1560.0,52.0,30.0,2,14,10,
RAD4-30.00X52.00-CH04-D1-DF-30K-SALES-AID-A.1.pdf,RAD4-30.00X52.00-CH04-D1-DF-30K,30.0,52.0,1560.0,52.0,30.0,2,12,10,
RAD4-30.00X53.00-CH04-30K-SALES-AID-A.1.pdf,RAD4-30.00X53.00-CH04-30K,30.0,53.0,1590.0,53.0,30.0,2,12,12,
RAD4-30.00X54.00-BK05-D2-30K-SALES-AID-A.1.PDF,RAD4-30.00X54.00-BK05-D2-30K,30.0,54.0,1620.0,54.0,30.0,2,12,12,
RAD4-30.00X54.00-BR02-D2-30K-SALES-AID-A.1.PDF,RAD4-30.00X54.00-BR02-D2-30K,30.0,54.0,1620.0,54.0,30.0,2,14,12,
RAD4-30.00X55.00-BK05-KG-30K-SALES-AID-A.1.PDF,RAD4-30.00X55.00-BK05-KG-30K,30.0,55.0,1650.0,55.0,30.0,2,16,14,
RAD4-30.00X60.00-BK05-30K-SALES-AID-A.1.pdf,RAD4-30.00X60.00-BK05-30K,30.0,60.0,1800.0,60.0,30.0,2,14,14,
RAD4-30.00X72.00-BK05-D2-30K-SALES-AID-A.1.PDF,RAD4-30.00X72.00-BK05-D2-30K,30.0,72.0,2160.0,72.0,30.0,2,17,16,
RAD4-30.00X78.00-CH04-D2-30K-SALES-AID-A.1.PDF,RAD4-30.00X78.00-CH04-D2-30K,30.0,78.0,2340.0,78.0,30.0,2,18,16,
RAD4-30.00X83.00-BZ24-30K-SALES-AID-A.1.PDF,RAD4-30.00X83.00-BZ24-30K,30.0,83.0,2490.0,83.0,30.0,2,18,18,
RAD4-30.00X84.00-BK05-30K-SALES-AID-A.1.PDF,RAD4-30.00X84.00-BK05-30K,30.0,84.0,2520.0,84.0,30.0,2,20,20,
RAD4-30.00X84.00-CH04-30K-SALES-AID-A.1.PDF,RAD4-30.00X84.00-CH04-30K,30.0,84.0,2520.0,84.0,30.0,2,20,20,
RAD4-31.00X46.75-BK05-D2-30K-SALES-AID-A.1.PDF,RAD4-31.00X46.75-BK05-D2-30K,31.0,46.75,1449.25,46.75,31.0,2,12,10,
RAD4-31.00X47.75-BR02-D2-30K-SALES-AID-A.1.PDF,RAD4-31.00X47.75-BR02-D2-30K,31.0,47.75,1480.25,47.75,31.0,2,14,10,
RAD4-31.00X54.00-BK05-30K-SALES-AID-A.1.pdf,RAD4-31.00X54.00-BK05-30K,31.0,54.0,1674.0,54.0,31.0,2,12,12,
RAD4-31.50X101.00-BK05-30K-SALES-AID-A.1.PDF,RAD4-31.50X101.00-BK05-30K,31.5,101.0,3181.5,101.0,31.5,2,24,24,
RAD4-32.00X42.00-BK05-D2-30K-SALES-AID-A.1.PDF,RAD4-32.00X42.00-BK05-D2-30K,32.0,42.0,1344.0,42.0,32.0,2,12,10,
RAD4-32.00X42.00-BR02-DFX-KG-30K-SALES-AID-A.1.PDF,RAD4-32.00X42.00-BR02-DFX-KG-30K,32.0,42.0,1344.0,42.0,32.0,2,12,12,
RAD4-32.00X43.00-BK05-30K-SALES-AID-A.1.PDF,RAD4-32.00X43.00-BK05-30K,32.0,43.0,1376.0,43.0,32.0,2,12,12,
RAD4-32.00X43.00-CH04-30K-SALES-AID-A.1.PDF,RAD4-32.00X43.00-CH04-30K,32.0,43.0,1376.0,43.0,32.0,2,12,12,
RAD4-32.00X48.00-BK05-D2-30K-SALES-AID-A.1.PDF,RAD4-32.00X48.00-BK05-D2-30K,32.0,48.0,1536.0,48.0,32.0,2,12,12,
RAD4-32.00X61.00-BZ24-30K-SALES-AID-A.1.pdf,RAD4-32.00X61.00-BZ24-30K,32.0,61.0,1952.0,61.0,32.0,2,16,16,
RAD4-32.69X21.69-BK05-D1-30K-SALES-AID-A.1.PDF,RAD4-32.69X21.69-BK05-D1-30K,32.69,21.69,709.0461,32.69,21.69,2,8,8,
RAD4-32.69X46.94-BK05-D1-DF-30K-SALES-AID-A.1.PDF,RAD4-32.69X46.94-BK05-D1-DF-30K,32.69,46.94,1534.4686,46.94,32.69,2,12,10,
RAD4-32.69X46.94-BK05-D1-DFX-30K-SALES-AID-A.2.PDF,RAD4-32.69X46.94-BK05-D1-DFX-30K,32.69,46.94,1534.4686,46.94,32.69,2,12,10,
RAD4-32.75X56.50-BK05-D2-30K-SALES-AID-A.1.pdf,RAD4-32.75X56.50-BK05-D2-30K,32.75,56.5,1850.375,56.5,32.75,2,14,12,
RAD4-32.75X56.50-CH04-D2-30K-SALES-AID-A.1.PDF,RAD4-32.75X56.50-CH04-D2-30K,32.75,56.5,1850.375,56.5,32.75,2,14,12,
RAD4-33.00X40.00-CH04-D2-30K-SALES-AID-A.1.pdf,RAD4-33.00X40.00-CH04-D2-30K,33.0,40.0,1320.0,40.0,33.0,2,12,12,
RAD4-33.00X44.50-CH04-D2-30K-SALES-AID-A.1.pdf,RAD4-33.00X44.50-CH04-D2-30K,33.0,44.5,1468.5,44.5,33.0,2,12,12,
RAD4-34.00X39.00-BZ24-WG3-30K-SALES-AID-A.1.PDF,RAD4-34.00X39.00-BZ24-WG3-30K,34.0,39.0,1326.0,39.0,34.0,2,12,10,
RAD4-34.00X39.00-BZ47-NO-WG3-27K-SALES-AID-A.1.PDF,RAD4-34.00X39.00-BZ47-NO-WG3-27K,34.0,39.0,1326.0,39.0,34.0,2,12,10,
RAD4-34.00X39.00-BZ47-NO-WG3-30K-SALES-AID-A.1.PDF,RAD4-34.00X39.00-BZ47-NO-WG3-30K,34.0,39.0,1326.0,39.0,34.0,2,12,10,
RAD4-34.00X54.00-BR02-D1-DF-30K-SALES-AID-A.1.pdf,RAD4-34.00X54.00-BR02-D1-DF-30K,34.0,54.0,1836.0,54.0,34.0,2,14,12,
RAD4-34.00X54.00-BR02-D1-DFX-30K-SALES-AID-A.1.PDF,RAD4-34.00X54.00-BR02-D1-DFX-30K,34.0,54.0,1836.0,54.0,34.0,2,14,12,
RAD4-34.50X101.00-BK05-30K-SALES-AID-A.1.PDF,RAD4-34.50X101.00-BK05-30K,34.5,101.0,3484.5,101.0,34.5,2,24,24,
RAD4-34.75X38.75-BK05-D2-30K-SALES-AID-A.1.PDF,RAD4-34.75X38.75-BK05-D2-30K,34.75,38.75,1346.5625,38.75,34.75,2,10,10,
RAD4-34.75X38.75-CH04-D2-30K-SALES-AID-A.1.PDF,RAD4-34.75X38.75-CH04-D2-30K,34.75,38.75,1346.5625,38.75,34.75,2,10,10,
RAD4-34.75X46.75-CH04-30K-SALES-AID-A.1.pdf,RAD4-34.75X46.75-CH04-30K,34.75,46.75,1624.5625,46.75,34.75,2,12,12,
RAD4-34.75X54.50-BK05-D2-30K-SALES-AID-A.1.PDF,RAD4-34.75X54.50-BK05-D2-30K,34.75,54.5,1893.875,54.5,34.75,2,14,14,
RAD4-34.75X56.00-CH04-30K-SALES-AID-A.1.PDF,RAD4-34.75X56.00-CH04-30K,34.75,56.0,1946.0,56.0,34.75,2,12,12,
RAD4-34.75X56.00-CH04-DF-30K-SALES-AID-A.1.pdf,RAD4-34.75X56.00-CH04-DF-30K,34.75,56.0,1946.0,56.0,34.75,2,12,12,
RAD4-36.00X36.00-BK05-30K-SALES-AID-A.1.PDF,RAD4-36.00X36.00-BK05-30K,36.0,36.0,1296.0,36.0,36.0,2,10,10,
RAD4-36.00X36.00-BK05-D2-DF-30K-SALES-AID-A.1.PDF,RAD4-36.00X36.00-BK05-D2-DF-30K,36.0,36.0,1296.0,36.0,36.0,2,10,10,
RAD4-36.00X36.00-BK05-KG-WG3-30K-SALES-AID-A.1.PDF,RAD4-36.00X36.00-BK05-KG-WG3-30K,36.0,36.0,1296.0,36.0,36.0,2,10,10,
RAD4-36.00X36.00-BR02-30K-SALES-AID-A.1.PDF,RAD4-36.00X36.00-BR02-30K,36.0,36.0,1296.0,36.0,36.0,2,10,10,
RAD4-36.00X36.00-CH04-30K-SALES-AID-A.1.PDF,RAD4-36.00X36.00-CH04-30K,36.0,36.0,1296.0,36.0,36.0,2,10,10,
RAD4-36.00X36.00-CH04-D1-30K-SALES-AID-A.1.PDF,RAD4-36.00X36.00-CH04-D1-30K,36.0,36.0,1296.0,36.0,36.0,2,10,10,
RAD4-36.00X36.00-CH04-D1-DF-30K-SALES-AID-A.1.PDF,RAD4-36.00X36.00-CH04-D1-DF-30K,36.0,36.0,1296.0,36.0,36.0,2,10,10,
RAD4-36.00X40.00-NK04-30K-SALES-AID-A.1.PDF,RAD4-36.00X40.00-NK04-30K,36.0,40.0,1440.0,40.0,36.0,2,12,10,
RAD4-36.00X40.00-NK04-CC2-NO-30K-SALES-AID-A.1.PDF,RAD4-36.00X40.00-NK04-CC2-NO-30K,36.0,40.0,1440.0,40.0,36.0,2,12,10,
RAD4-36.00X40.00-NK04-NO-30K-SALES-AID-A.1.PDF,RAD4-36.00X40.00-NK04-NO-30K,36.0,40.0,1440.0,40.0,36.0,2,12,10,
RAD4-36.00X42.00-BR02-DFX-KG-30K-SALES-AID-A.1.PDF,RAD4-36.00X42.00-BR02-DFX-KG-30K,36.0,42.0,1512.0,42.0,36.0,2,14,12,
RAD4-36.00X48.00-BK05-30K-SALES-AID-A.1.PDF,RAD4-36.00X48.00-BK05-30K,36.0,48.0,1728.0,48.0,36.0,2,12,12,
RAD4-36.00X48.00-BK05-D1-30K-SALES-AID-A.1.PDF,RAD4-36.00X48.00-BK05-D1-30K,36.0,48.0,1728.0,48.0,36.0,2,12,12,
RAD4-36.00X48.00-BR02-30K-SALES-AID-A.1.PDF,RAD4-36.00X48.00-BR02-30K,36.0,48.0,1728.0,48.0,36.0,2,12,12,
RAD4-36.00X48.00-BR02-D2-30K-SALES-AID-A.1.PDF,RAD4-36.00X48.00-BR02-D2-30K,36.0,48.0,1728.0,48.0,36.0,2,12,12,
RAD4-36.00X48.00-CH04-30K-SALES-AID-A.1.PDF,RAD4-36.00X48.00-CH04-30K,36.0,48.0,1728.0,48.0,36.0,2,12,12,
RAD4-36.00X48.00-CH04-D2-30K-SALES-AID-A.1.PDF,RAD4-36.00X48.00-CH04-D2-30K,36.0,48.0,1728.0,48.0,36.0,2,12,12,
RAD4-36.00X50.00-BK05-KG-30K-SALES-AID-A.1.pdf,RAD4-36.00X50.00-BK05-KG-30K,36.0,50.0,1800.0,50.0,36.0,2,14,12,
RAD4-36.00X51.00-BR02-D2-30K-SALES-AID-A.1.PDF,RAD4-36.00X51.00-BR02-D2-30K,36.0,51.0,1836.0,51.0,36.0,2,12,12,
RAD4-36.00X51.25-BK05-D2-30K-SALES-AID-A.1.PDF,RAD4-36.00X51.25-BK05-D2-30K,36.0,51.25,1845.0,51.25,36.0,2,12,12,
RAD4-36.00X53.00-CH04-30K-SALES-AID-A.1.pdf,RAD4-36.00X53.00-CH04-30K,36.0,53.0,1908.0,53.0,36.0,2,14,12,
RAD4-36.00X54.00-BK05-30K-SALES-AID-A.1.PDF,RAD4-36.00X54.00-BK05-30K,36.0,54.0,1944.0,54.0,36.0,2,12,12,
RAD4-36.00X54.00-CH04-30K-SALES-AID-A.1.PDF,RAD4-36.00X54.00-CH04-30K,36.0,54.0,1944.0,54.0,36.0,2,12,12,
RAD4-36.00X56.00-CH04-DF-30K-SALES-AID-A.1.PDF,RAD4-36.00X56.00-CH04-DF-30K,36.0,56.0,2016.0,56.0,36.0,2,14,14,
RAD4-36.00X60.00-BK05-30K-SALES-AID-A.1.pdf,RAD4-36.00X60.00-BK05-30K,36.0,60.0,2160.0,60.0,36.0,2,16,14,
RAD4-36.00X60.00-BR02-D2-30K-SALES-AID-A.1.PDF,RAD4-36.00X60.00-BR02-D2-30K,36.0,60.0,2160.0,60.0,36.0,2,16,14,
RAD4-36.00X60.00-CH04-D2-30K-SALES-AID-A.1.pdf,RAD4-36.00X60.00-CH04-D2-30K,36.0,60.0,2160.0,60.0,36.0,2,16,14,
RAD4-36.00X64.00-BR02-D2-30K-SALES-AID-A.1.PDF,RAD4-36.00X64.00-BR02-D2-30K,36.0,64.0,2304.0,64.0,36.0,2,16,16,
RAD4-36.00X66.00-BK05-30K-SALES-AID-A.1.pdf,RAD4-36.00X66.00-BK05-30K,36.0,66.0,2376.0,66.0,36.0,2,16,14,
RAD4-36.00X67.25-BK05-D2-30K-SALES-AID-A.1.PDF,RAD4-36.00X67.25-BK05-D2-30K,36.0,67.25,2421.0,67.25,36.0,2,16,14,
RAD4-36.00X72.00-BK05-D2-30K-SALES-AID-A.1.PDF,RAD4-36.00X72.00-BK05-D2-30K,36.0,72.0,2592.0,72.0,36.0,2,18,16,
RAD4-36.00X72.00-CH04-30K-SALES-AID-A.1.PDF,RAD4-36.00X72.00-CH04-30K,36.0,72.0,2592.0,72.0,36.0,2,18,16,
RAD4-36.00X72.00-NK04-30K-SALES-AID-A.1.PDF,RAD4-36.00X72.00-NK04-30K,36.0,72.0,2592.0,72.0,36.0,2,18,16,
RAD4-36.75X25.00-BZ24-30K-SALES-AID-A.1.PDF,RAD4-36.75X25.00-BZ24-30K,36.75,25.0,918.75,36.75,25.0,2,10,8,
RAD4-37.50X37.50-BK05-KG-30K-SALES-AID-A.1.PDF,RAD4-37.50X37.50-BK05-KG-30K,37.5,37.5,1406.25,37.5,37.5,2,10,12,
RAD4-38.00X60.00-BK05-D2-30K-SALES-AID-A.1.PDF,RAD4-38.00X60.00-BK05-D2-30K,38.0,60.0,2280.0,60.0,38.0,2,18,14,
RAD4-39.00X43.00-BK05-D2-30K-SALES-AID-A.1.pdf,RAD4-39.00X43.00-BK05-D2-30K,39.0,43.0,1677.0,43.0,39.0,2,12,12,
RAD4-40.00X40.00-BK05-30K-SALES-AID-A.1.PDF,RAD4-40.00X40.00-BK05-30K,40.0,40.0,1600.0,40.0,40.0,2,12,12,
RAD4-40.00X40.00-BK05-KD-27K-SALES-AID-A.PDF,RAD4-40.00X40.00-BK05-KD-30K,40.0,40.0,1600.0,40.0,40.0,2,12,12,
RAD4-40.00X46.00-CH04-DF-KG-30K-SALES-AID-A.1.PDF,RAD4-40.00X46.00-CH04-DF-KG-30K,40.0,46.0,1840.0,46.0,40.0,2,12,12,
RAD4-41.75X58.75-CH04-D2-30K-SALES-AID-A.1.PDF,RAD4-41.75X58.75-CH04-D2-30K,41.75,58.75,2452.8125,58.75,41.75,2,16,16,
RAD4-41.75X59.75-CH04-D2-30K-SALES-AID-A.1.PDF,RAD4-41.75X59.75-CH04-D2-30K,41.75,59.75,2494.5625,59.75,41.75,2,16,16,
RAD4-42.00X48.00-CH04-30K-SALES-AID-A.1.PDF,RAD4-42.00X48.00-CH04-30K,42.0,48.0,2016.0,48.0,42.0,2,16,14,
RAD4-42.00X58.63-CH04-D1-DF-30K-SALES-AID-A.1.PDF,RAD4-42.00X58.63-CH04-D1-DF-30K,42.0,58.63,2462.46,58.63,42.0,2,16,16,
RAD4-42.00X58.75-CH04-D1-DF-30K-SALES-AID-A.1.PDF,RAD4-42.00X58.75-CH04-D1-DF-30K,42.0,58.75,2467.5,58.75,42.0,2,16,16,
RAD4-42.00X58.75-CH04-D1-DF-30K-SALES-AID-A.2.PDF,RAD4-42.00X58.75-CH04-D1-DF-30K,42.0,58.75,2467.5,58.75,42.0,2,16,16,
RAD4-42.00X60.00-BK05-CC2-30K-SALES-AID-A.1.PDF,RAD4-42.00X60.00-BK05-CC2-30K,42.0,60.0,2520.0,60.0,42.0,2,16,16,
RAD4-42.00X60.00-BK05-KG-30K-SALES-AID-A.1.PDF,RAD4-42.00X60.00-BK05-KG-30K,42.0,60.0,2520.0,60.0,42.0,2,16,14,
RAD4-42.00X60.00-CH04-KG-30K-SALES-AID-A.1.PDF,RAD4-42.00X60.00-CH04-KG-30K,42.0,60.0,2520.0,60.0,42.0,2,16,14,
RAD4-42.00X71.00-CH04-D1-DF-30K-SALES-AID-A.1.PDF,RAD4-42.00X71.00-CH04-D1-DF-30K,42.0,71.0,2982.0,71.0,42.0,2,20,16,
RAD4-42.75X34.75-CH04-D2-30K-SALES-AID-A.1.PDF,RAD4-42.75X34.75-CH04-D2-30K,42.75,34.75,1485.5625,42.75,34.75,2,12,10,
RAD4-42.75X36.75-BK05-D2-30K-SALES-AID-A.1.PDF,RAD4-42.75X36.75-BK05-D2-30K,42.75,36.75,1571.0625,42.75,36.75,2,12,10,
RAD4-42.75X56.00-CH04-DF-30K-SALES-AID-A.1.pdf,RAD4-42.75X56.00-CH04-DF-30K,42.75,56.0,2394.0,56.0,42.75,2,14,12,
RAD4-43.00X24.25-BK05-CC2-KG-30K-SALES-AID-A.1.PDF,RAD4-43.00X24.25-BK05-CC2-KG-30K,43.0,24.25,1042.75,43.0,24.25,2,12,10,
RAD4-43.56X51.87-BK05-D1-30K-SALES-AID-A.1.pdf,RAD4-43.56X51.87-BK05-D1-30K,43.56,51.87,2259.4572,51.87,43.56,2,16,14,
RAD4-44.00X34.00-BK05-D2-30K-SALES-AID-A.1.pdf,RAD4-44.00X34.00-BK05-D2-30K,44.0,34.0,1496.0,44.0,34.0,2,12,10,
RAD4-44.00X40.00-BZ24-30K-SALES-AID-A.1.PDF,RAD4-44.00X40.00-BZ24-30K,44.0,40.0,1760.0,44.0,40.0,2,12,12,
RAD4-44.00X54.00-BK05-D2-30K-SALES-AID-A.1.PDF,RAD4-44.00X54.00-BK05-D2-30K,44.0,54.0,2376.0,54.0,44.0,2,16,14,
RAD4-44.50X24.00-BR02-30K-SALES-AID-A.1.PDF,RAD4-44.50X24.00-BR02-30K,44.5,24.0,1068.0,44.5,24.0,2,10,10,
RAD4-45.00X34.75-BK05-D1-DF-30K-SALES-AID-A.1.PDF,RAD4-45.00X34.75-BK05-D1-DF-30K,45.0,34.75,1563.75,45.0,34.75,2,12,10,
RAD4-46.00X42.00-BR02-DFX-KG-30K-SALES-AID-A.1.PDF,RAD4-46.00X42.00-BR02-DFX-KG-30K,46.0,42.0,1932.0,46.0,42.0,2,14,12,
RAD4-46.00X50.00-BK05-30K-SALES-AID-A.1.PDF,RAD4-46.00X50.00-BK05-30K,46.0,50.0,2300.0,50.0,46.0,2,14,14,
RAD4-46.00X60.00-BK05-30K-SALES-AID-A.1.PDF,RAD4-46.00X60.00-BK05-30K,46.0,60.0,2760.0,60.0,46.0,2,16,16,
RAD4-46.00X60.00-BK05-KG-30K-SALES-AID-A.1.PDF,RAD4-46.00X60.00-BK05-KG-30K,46.0,60.0,2760.0,60.0,46.0,2,16,14,
RAD4-46.00X60.00-CH04-KG-30K-SALES-AID-A.1.PDF,RAD4-46.00X60.00-CH04-KG-30K,46.0,60.0,2760.0,60.0,46.0,2,16,14,
RAD4-46.75X34.75-CH04-30K-SALES-AID-A.1.PDF,RAD4-46.75X34.75-CH04-30K,46.75,34.75,1624.5625,46.75,34.75,2,12,10,
RAD4-48.00X24.00-BK05-30K-SALES-AID-A.1.PDF,RAD4-48.00X24.00-BK05-30K,48.0,24.0,1152.0,48.0,24.0,2,12,12,
RAD4-48.00X30.00-BK05-30K-SALES-AID-A.1.PDF,RAD4-48.00X30.00-BK05-30K,48.0,30.0,1440.0,48.0,30.0,2,12,10,
RAD4-48.00X30.00-BZ24-30K-SALES-AID-A.1.pdf,RAD4-48.00X30.00-BZ24-30K,48.0,30.0,1440.0,48.0,30.0,2,12,10,
RAD4-48.00X35.00-BK05-30K-SALES-AID-A.1.PDF,RAD4-48.00X35.00-BK05-30K,48.0,35.0,1680.0,48.0,35.0,2,12,12,
RAD4-48.00X35.00-CH04-30K-SALES-AID-A.1.PDF,RAD4-48.00X35.00-CH04-30K,48.0,35.0,1680.0,48.0,35.0,2,12,12,
RAD4-48.00X36.00-BK05-30K-SALES-AID-A.1.PDF,RAD4-48.00X36.00-BK05-30K,48.0,36.0,1728.0,48.0,36.0,2,12,10,
RAD4-48.00X36.00-BK05-D1-30K-SALES-AID-A.1.PDF,RAD4-48.00X36.00-BK05-D1-30K,48.0,36.0,1728.0,48.0,36.0,2,12,10,
RAD4-48.00X36.00-BK05-D1-35K-SALES-AID-A.1.PDF,RAD4-48.00X36.00-BK05-D1-35K,48.0,36.0,1728.0,48.0,36.0,2,12,10,
RAD4-48.00X36.00-BK05-D1-DF-30K-SALES-AID-A.1.pdf,RAD4-48.00X36.00-BK05-D1-DF-30K,48.0,36.0,1728.0,48.0,36.0,2,14,10,
RAD4-48.00X36.00-BK05-DF-30K-SALES-AID-A.1.PDF,RAD4-48.00X36.00-BK05-DF-30K,48.0,36.0,1728.0,48.0,36.0,2,14,10,
RAD4-48.00X36.00-BK05-KG-30K-SALES-AID-A.1.PDF,RAD4-48.00X36.00-BK05-KG-30K,48.0,36.0,1728.0,48.0,36.0,2,14,10,
RAD4-48.00X36.00-BK05-KG2-WG3-30K-SALES-AID-A.1.PDF,RAD4-48.00X36.00-BK05-KG2-WG3-30K,48.0,36.0,1728.0,48.0,36.0,2,12,10,
RAD4-48.00X36.00-BR02-30K-SALES-AID-A.1.PDF,RAD4-48.00X36.00-BR02-30K,48.0,36.0,1728.0,48.0,36.0,2,12,10,
RAD4-48.00X36.00-CH04-30K-SALES-AID-A.1.PDF,RAD4-48.00X36.00-CH04-30K,48.0,36.0,1728.0,48.0,36.0,2,12,10,
RAD4-48.00X36.00-CH04-D1-DF-30K-SALES-AID-A.1.PDF,RAD4-48.00X36.00-CH04-D1-DF-30K,48.0,36.0,1728.0,48.0,36.0,2,14,10,
RAD4-48.00X36.00-CH04-DF-KC-30K-SALES-AID-A.1.PDF,RAD4-48.00X36.00-CH04-DF-KC-30K,48.0,36.0,1728.0,48.0,36.0,2,14,10,
RAD4-48.00X36.00-CH04-KG2-WG3-30K-SALES-AID-A.1.PDF,RAD4-48.00X36.00-CH04-KG2-WG3-30K,48.0,36.0,1728.0,48.0,36.0,2,12,10,
RAD4-48.00X36.00-NK04-30K-SALES-AID-A.1.PDF,RAD4-48.00X36.00-NK04-30K,48.0,36.0,1728.0,48.0,36.0,2,12,10,
RAD4-48.00X36.00-NK04-WG3-30K-SALES-AID-A.1.PDF,RAD4-48.00X36.00-NK04-WG3-30K,48.0,36.0,1728.0,48.0,36.0,2,12,12,
RAD4-48.00X40.00-CH04-D2-30K-SALES-AID-A.1.PDF,RAD4-48.00X40.00-CH04-D2-30K,48.0,40.0,1920.0,48.0,40.0,2,14,14,
RAD4-48.00X42.00-BR02-DFX-KG-30K-SALES-AID-A.1.PDF,RAD4-48.00X42.00-BR02-DFX-KG-30K,48.0,42.0,2016.0,48.0,42.0,2,14,12,
RAD4-48.00X42.00-BR02-KG-WG3-30K-SALES-AID-A.1.SLDDRW.PDF,RAD4-48.00X42.00-BR02-KG-WG3-30K,48.0,42.0,2016.0,48.0,42.0,2,16,12,
RAD4-48.00X44.00-CH04-30K-SALES-AID-A.1.PDF,RAD4-48.00X44.00-CH04-30K,48.0,44.0,2112.0,48.0,44.0,2,14,12,
RAD4-48.00X45.00-NK04-WG3-30K-SALES-AID-A.1.PDF,RAD4-48.00X45.00-NK04-WG3-30K,48.0,45.0,2160.0,48.0,45.0,2,14,14,
RAD4-48.00X46.00-CH04-30K-SALES-AID-A.1.PDF,RAD4-48.00X46.00-CH04-30K,48.0,46.0,2208.0,48.0,46.0,2,14,12,
RAD4-48.00X48.00-BK05-30K-SALES-AID-A.1.PDF,RAD4-48.00X48.00-BK05-30K,48.0,48.0,2304.0,48.0,48.0,2,14,12,
RAD4-48.00X48.00-BK05-D2-30K-SALES-AID-A.1.PDF,RAD4-48.00X48.00-BK05-D2-30K,48.0,48.0,2304.0,48.0,48.0,2,14,12,
RAD4-48.00X48.00-CH04-30K-SALES-AID-A.1.PDF,RAD4-48.00X48.00-CH04-30K,48.0,48.0,2304.0,48.0,48.0,2,14,12,
RAD4-48.00X60.00-BR02-D2-30K-SALES-AID-A.1.PDF,RAD4-48.00X60.00-BR02-D2-30K,48.0,60.0,2880.0,60.0,48.0,2,16,14,
RAD4-48.00X60.00-CH04-30K-SALES-AID-A.1.PDF,RAD4-48.00X60.00-CH04-30K,48.0,60.0,2880.0,60.0,48.0,2,16,14,
RAD4-48.50X32.75-CH04-D2-30K-SALES-AID-A.1.PDF,RAD4-48.50X32.75-CH04-D2-30K,48.5,32.75,1588.375,48.5,32.75,2,12,10,
RAD4-48.50X40.75-BK05-KD-30K-SALES-AID-A.1.PDF,RAD4-48.50X40.75-BK05-KD-30K,48.5,40.75,1976.375,48.5,40.75,2,12,12,
RAD4-49.00X39.00-BZ24-WG3-30K-SALES-AID-A.1.PDF,RAD4-49.00X39.00-BZ24-WG3-30K,49.0,39.0,1911.0,49.0,39.0,2,12,12,
RAD4-49.00X39.00-BZ47-NO-WG3-27K-SALES-AID-A.1.PDF,RAD4-49.00X39.00-BZ47-NO-WG3-27K,49.0,39.0,1911.0,49.0,39.0,2,12,12,
RAD4-49.00X39.00-BZ47-NO-WG3-30K-SALES-AID-A.1.PDF,RAD4-49.00X39.00-BZ47-NO-WG3-30K,49.0,39.0,1911.0,49.0,39.0,2,12,12,
RAD4-50.00X35.00-CH04-D2-30K-SALES-AID-A.1.PDF,RAD4-50.00X35.00-CH04-D2-30K,50.0,35.0,1750.0,50.0,35.0,2,12,10,
RAD4-50.00X50.00-BK05-D2-30K-SALES-AID-A.1.PDF,RAD4-50.00X50.00-BK05-D2-30K,50.0,50.0,2500.0,50.0,50.0,2,16,14,
RAD4-51.00X41.00-CH04-30K-SALES-AID-A.1.PDF,RAD4-51.00X41.00-CH04-30K,51.0,41.0,2091.0,51.0,41.0,2,14,12,
RAD4-51.00X41.00-CH04-D2-30K-SALES-AID-A.1.PDF,RAD4-51.00X41.00-CH04-D2-30K,51.0,41.0,2091.0,51.0,41.0,2,14,12,
RAD4-51.00X42.00-BK05-WG3-30K-SALES-AID-A.1.PDF,RAD4-51.00X42.00-BK05-WG3-30K,51.0,42.0,2142.0,51.0,42.0,2,14,14,
RAD4-53.00X53.00-BK05-30K-SALES-AID-A.1.PDF,RAD4-53.00X53.00-BK05-30K,53.0,53.0,2809.0,53.0,53.0,2,16,16,
RAD4-53.00X67.00-BK05-D2-30K-SALES-AID-A.1.PDF,RAD4-53.00X67.00-BK05-D2-30K,53.0,67.0,3551.0,67.0,53.0,2,16,14,
RAD4-53.25X39.50-BK05-D2-30K-SALES-AID-A.1.PDF,RAD4-53.25X39.50-BK05-D2-30K,53.25,39.5,2103.375,53.25,39.5,2,12,12,
RAD4-53.25X53.00-BK05-30K-SALES-AID-A.1.PDF,RAD4-53.25X53.00-BK05-30K,53.25,53.0,2822.25,53.25,53.0,2,16,16,
RAD4-54.00X34.00-BK05-30K-SALES-AID-A.1.PDF,RAD4-54.00X34.00-BK05-30K,54.0,34.0,1836.0,54.0,34.0,2,12,12,
RAD4-54.00X34.00-CH04-30K-SALES-AID-A.1.PDF,RAD4-54.00X34.00-CH04-30K,54.0,34.0,1836.0,54.0,34.0,2,12,12,
RAD4-54.00X35.00-CH04-30K-SALES-AID-A.1.PDF,RAD4-54.00X35.00-CH04-30K,54.0,35.0,1890.0,54.0,35.0,2,12,12,
RAD4-54.00X42.00-BK05-DF-30K-SALES-AID-A.1.pdf,RAD4-54.00X42.00-BK05-DF-30K,54.0,42.0,2268.0,54.0,42.0,2,16,12,
RAD4-54.00X45.00-BK05-D2-30K-SALES-AID-A.1.pdf,RAD4-54.00X45.00-BK05-D2-30K,54.0,45.0,2430.0,54.0,45.0,2,16,14,
RAD4-55.00X47.00-BR02-D2-30K-SALES-AID-A.1.PDF,RAD4-55.00X47.00-BR02-D2-30K,55.0,47.0,2585.0,55.0,47.0,2,16,14,
RAD4-55.75X48.00-CH04-KG-30K-SALES-AID-A.1.PDF,RAD4-55.75X48.00-CH04-KG-30K,55.75,48.0,2676.0,55.75,48.0,2,16,14,
RAD4-56.00X36.00-BK05-D1-DF-30K-SALES-AID-A.1.PDF,RAD4-56.00X36.00-BK05-D1-DF-30K,56.0,36.0,2016.0,56.0,36.0,2,14,12,
RAD4-56.88X58.06-CH04-30K-SALES-AID-A.1.PDF,RAD4-56.88X58.06-CH04-30K,56.88,58.06,3302.4528000000005,58.06,56.88,2,16,14,
RAD4-56.88X58.06-CH04-D2-30K-SALES-AID-A.1.PDF,RAD4-56.88X58.06-CH04-D2-30K,56.88,58.06,3302.4528000000005,58.06,56.88,2,18,14,
RAD4-57.00X20.00-BK05-KG-30K-SALES-AID-A.1.pdf,RAD4-57.00X20.00-BK05-KG-30K,57.0,20.0,1140.0,57.0,20.0,2,10,10,
RAD4-58.00X50.00-BR02-D1-27K-SALES-AID-A.1.pdf,RAD4-58.00X50.00-BR02-D1-27K,58.0,50.0,2900.0,58.0,50.0,2,15,16,
RAD4-58.50X34.75-BK05-30K-SALES-AID-A.1.PDF,RAD4-58.50X34.75-BK05-30K,58.5,34.75,2032.875,58.5,34.75,2,12,12,
RAD4-58.50X34.75-CH04-27K-SALES-AID-A.1.pdf,RAD4-58.50X34.75-CH04-27K,58.5,34.75,2032.875,58.5,34.75,2,12,12,
RAD4-58.50X34.75-CH04-30K-SALES-AID-A.1.PDF,RAD4-58.50X34.75-CH04-30K,58.5,34.75,2032.875,58.5,34.75,2,12,12,
RAD4-58.50X34.75-CH04-DF-KD-30K-SALES-AID-A.1.PDF,RAD4-58.50X34.75-CH04-DF-KD-30K,58.5,34.75,2032.875,58.5,34.75,2,14,12,
RAD4-60.00X36.00-BK05-30K-SALES-AID-A.1.PDF,RAD4-60.00X36.00-BK05-30K,60.0,36.0,2160.0,60.0,36.0,2,14,12,
RAD4-60.00X36.00-BK05-D1-30K-SALES-AID-A.1.PDF,RAD4-60.00X36.00-BK05-D1-30K,60.0,36.0,2160.0,60.0,36.0,2,14,12,
RAD4-60.00X36.00-BK05-D1-35K-SALES-AID-A.1.PDF,RAD4-60.00X36.00-BK05-D1-35K,60.0,36.0,2160.0,60.0,36.0,2,14,12,
RAD4-60.00X36.00-BK05-D1-DF-30K-SALES-AID-A.1.PDF,RAD4-60.00X36.00-BK05-D1-DF-30K,60.0,36.0,2160.0,60.0,36.0,2,14,12,
RAD4-60.00X36.00-BK05-KG-30K-SALES-AID-A.1.PDF,RAD4-60.00X36.00-BK05-KG-30K,60.0,36.0,2160.0,60.0,36.0,2,16,14,
RAD4-60.00X36.00-BR02-D2-30K-SALES-AID-A.1.PDF,RAD4-60.00X36.00-BR02-D2-30K,60.0,36.0,2160.0,60.0,36.0,2,14,12,
RAD4-60.00X36.00-CH04-277V-30K-SALES-AID-A.1.PDF,RAD4-60.00X36.00-CH04-277V-30K,60.0,36.0,2160.0,60.0,36.0,2,14,12,
RAD4-60.00X36.00-CH04-30K-SALES-AID-A.1.PDF,RAD4-60.00X36.00-CH04-30K,60.0,36.0,2160.0,60.0,36.0,2,14,12,
RAD4-60.00X36.00-CH04-D1-30K-SALES-AID-A.1.PDF,RAD4-60.00X36.00-CH04-D1-30K,60.0,36.0,2160.0,60.0,36.0,2,14,12,
RAD4-60.00X42.00-BR02-D2-30K-SALES-AID-A.1.PDF,RAD4-60.00X42.00-BR02-D2-30K,60.0,42.0,2520.0,60.0,42.0,2,16,14,
RAD4-60.00X42.00-CH04-30K-SALES-AID-A.1.PDF,RAD4-60.00X42.00-CH04-30K,60.0,42.0,2520.0,60.0,42.0,2,16,16,
RAD4-60.00X45.00-NK04-WG3-30K-SALES-AID-A.1.PDF,RAD4-60.00X45.00-NK04-WG3-30K,60.0,45.0,2700.0,60.0,45.0,2,16,16,
RAD4-60.00X48.00-BR02-D2-30K-SALES-AID-A.1.PDF,RAD4-60.00X48.00-BR02-D2-30K,60.0,48.0,2880.0,60.0,48.0,2,16,14,
RAD4-60.00X48.00-CH04-30K-SALES-AID-A.1.PDF,RAD4-60.00X48.00-CH04-30K,60.0,48.0,2880.0,60.0,48.0,2,16,14,
RAD4-60.00X48.00-CH04-D1-30K-SALES-AID-A.1.PDF,RAD4-60.00X48.00-CH04-D1-30K,60.0,48.0,2880.0,60.0,48.0,2,16,14,
RAD4-60.00X54.00-BK05-30K-SALES-AID-A.1.PDF,RAD4-60.00X54.00-BK05-30K,60.0,54.0,3240.0,60.0,54.0,2,16,16,
RAD4-60.00X54.00-CH04-30K-SALES-AID-A.1.PDF,RAD4-60.00X54.00-CH04-30K,60.0,54.0,3240.0,60.0,54.0,2,16,16,
RAD4-60.00X56.00-CH04-30K-SALES-AID-A.1.PDF,RAD4-60.00X56.00-CH04-30K,60.0,56.0,3360.0,60.0,56.0,2,16,16,
RAD4-60.00X66.50-BK05-D2-30K-SALES-AID-A.1.PDF,RAD4-60.00X66.50-BK05-D2-30K,60.0,66.5,3990.0,66.5,60.0,2,18,18,
RAD4-60.00X72.00-BK05-D1-30K-SALES-AID-A.1.PDF,RAD4-60.00X72.00-BK05-D1-30K,60.0,72.0,4320.0,72.0,60.0,2,20,18,
RAD4-60.00X72.00-CH04-CK2-D1-30K-SALES-AID-A.1.PDF,RAD4-60.00X72.00-CH04-CK2-D1-30K,60.0,72.0,4320.0,72.0,60.0,2,20,18,
RAD4-60.50X42.00-BK05-D2-WG3-30K-SALES-AID-A.1.PDF,RAD4-60.50X42.00-BK05-D2-WG3-30K,60.5,42.0,2541.0,60.5,42.0,2,14,14,
RAD4-61.00X36.00-CH04-CK2-D1-30K-SALES-AID-A.1.PDF,RAD4-61.00X36.00-CH04-CK2-D1-30K,61.0,36.0,2196.0,61.0,36.0,2,16,16,
RAD4-61.00X42.00-BK05-CK2-30K-SALES-AID-A.1.PDF,RAD4-61.00X42.00-BK05-CK2-30K,61.0,42.0,2562.0,61.0,42.0,2,16,16,
RAD4-61.25X62.75-CH04-KG-27K-SALES-AID-A.1.PDF,RAD4-61.25X62.75-CH04-KG-27K,61.25,62.75,3843.4375,62.75,61.25,2,16,16,
RAD4-61.25X62.75-CH04-KG-30K-SALES-AID-A.1.PDF,RAD4-61.25X62.75-CH04-KG-30K,61.25,62.75,3843.4375,62.75,61.25,2,16,16,
RAD4-64.00X36.00-BR02-D2-30K-SALES-AID-A.1.PDF,RAD4-64.00X36.00-BR02-D2-30K,64.0,36.0,2304.0,64.0,36.0,2,14,12,
RAD4-64.00X42.00-BR02-30K-SALES-AID-A.1.pdf,RAD4-64.00X42.00-BR02-30K,64.0,42.0,2688.0,64.0,42.0,2,16,14,
RAD4-64.00X48.00-BR02-30K-SALES-AID-A.1.pdf,RAD4-64.00X48.00-BR02-30K,64.0,48.0,3072.0,64.0,48.0,2,16,16,
RAD4-64.00X48.00-CH04-30K-SALES-AID-A.1.PDF,RAD4-64.00X48.00-CH04-30K,64.0,48.0,3072.0,64.0,48.0,2,16,16,
RAD4-64.00X48.00-CH04-D2-30K-SALES-AID-A.1.PDF,RAD4-64.00X48.00-CH04-D2-30K,64.0,48.0,3072.0,64.0,48.0,2,16,16,
RAD4-64.00X48.00-CH04-D2-30K-SALES-AID-A.2.PDF,RAD4-64.00X48.00-CH04-D2-30K,64.0,48.0,3072.0,64.0,48.0,2,16,16,
RAD4-66.00X37.00-CH04-30K-SALES-AID-A.1.PDF,RAD4-66.00X37.00-CH04-30K,66.0,37.0,2442.0,66.0,37.0,2,14,12,
RAD4-66.00X42.00-BR02-27K-SALES-AID-A.1.PDF,RAD4-66.00X42.00-BR02-27K,66.0,42.0,2772.0,66.0,42.0,2,16,16,
RAD4-66.00X42.00-BR02-CC2-KC-27K-SALES-AID-A.1.PDF,RAD4-66.00X42.00-BR02-CC2-KC-27K,66.0,42.0,2772.0,66.0,42.0,2,16,14,
RAD4-66.00X50.00-BK05-30K-SALES-AID-A.1.PDF,RAD4-66.00X50.00-BK05-30K,66.0,50.0,3300.0,66.0,50.0,2,16,16,
RAD4-66.25X38.75-CH04-D2-WG3-30K-SALES-AID-A.1.PDF,RAD4-66.25X38.75-CH04-D2-WG3-30K,66.25,38.75,2567.1875,66.25,38.75,2,16,16,
RAD4-66.25X44.75-BK05-D2-30K-SALES-AID-A.1.PDF,RAD4-66.25X44.75-BK05-D2-30K,66.25,44.75,2964.6875,66.25,44.75,2,16,16,
RAD4-67.00X36.00-CH04-CK2-D1-30K-SALES-AID-A.1.PDF,RAD4-67.00X36.00-CH04-CK2-D1-30K,67.0,36.0,2412.0,67.0,36.0,2,16,14,
RAD4-67.00X42.00-BK05-D1-30K-SALES-AID-A.1.PDF,RAD4-67.00X42.00-BK05-D1-30K,67.0,42.0,2814.0,67.0,42.0,2,16,14,
RAD4-68.00X34.00-BK05-D2-30K-SALES-AID-A.1.pdf,RAD4-68.00X34.00-BK05-D2-30K,68.0,34.0,2312.0,68.0,34.0,2,16,12,
RAD4-68.00X45.00-CH04-D2-30K-SALES-AID-A.1.PDF,RAD4-68.00X45.00-CH04-D2-30K,68.0,45.0,3060.0,68.0,45.0,2,16,16,
RAD4-68.25X46.75-CH04-KG-30K-SALES-AID-A.1.pdf,RAD4-68.25X46.75-CH04-KG-30K,68.25,46.75,3190.6875,68.25,46.75,2,16,16,
RAD4-69.00X63.50-CH04-D2-30K-SALES-AID-A.1.PDF,RAD4-69.00X63.50-CH04-D2-30K,69.0,63.5,4381.5,69.0,63.5,2,20,18,
RAD4-70.00X34.75-CH04-30K-SALES-AID-A.1.PDF,RAD4-70.00X34.75-CH04-30K,70.0,34.75,2432.5,70.0,34.75,2,14,14,
RAD4-70.00X36.00-BK05-D2-WG3-30K-SALES-AID-A.1.PDF,RAD4-70.00X36.00-BK05-D2-WG3-30K,70.0,36.0,2520.0,70.0,36.0,2,16,14,
RAD4-70.00X42.00-BK05-30K-SALES-AID-A.1.PDF,RAD4-70.00X42.00-BK05-30K,70.0,42.0,2940.0,70.0,42.0,2,16,16,
RAD4-70.00X50.00-BK05-30K-SALES-AID-A.1.PDF,RAD4-70.00X50.00-BK05-30K,70.0,50.0,3500.0,70.0,50.0,2,16,16,
RAD4-70.75X59.00-CH04-D1-DF-30K-SALES-AID-A.1.PDF,RAD4-70.75X59.00-CH04-D1-DF-30K,70.75,59.0,4174.25,70.75,59.0,2,20,18,
RAD4-71.25X38.75-BK05-D2-30K-SALES-AID-A.1.PDF,RAD4-71.25X38.75-BK05-D2-30K,71.25,38.75,2760.9375,71.25,38.75,2,16,16,
RAD4-72.00X24.00-BR02-30K-SALES-AID-A.1.PDF,RAD4-72.00X24.00-BR02-30K,72.0,24.0,1728.0,72.0,24.0,2,16,12,
RAD4-72.00X36.00-BK05-D1-35K-SALES-AID-A.1.PDF,RAD4-72.00X36.00-BK05-D1-35K,72.0,36.0,2592.0,72.0,36.0,2,16,16,
RAD4-72.00X36.00-BK05-D2-30K-SALES-AID-A.1.PDF,RAD4-72.00X36.00-BK05-D2-30K,72.0,36.0,2592.0,72.0,36.0,2,16,16,
RAD4-72.00X42.00-BK05-D1-DF-30K-SALES-AID-A.1.PDF,RAD4-72.00X42.00-BK05-D1-DF-30K,72.0,42.0,3024.0,72.0,42.0,2,16,14,
RAD4-72.00X42.00-BK05-KG-30K-SALES-AID-A.1.PDF,RAD4-72.00X42.00-BK05-KG-30K,72.0,42.0,3024.0,72.0,42.0,2,18,16,
RAD4-72.00X42.00-BR02-CK3-DF-KG-30K-SALES-AID-A.2.pdf,RAD4-72.00X42.00-BR02-CK3-DF-KG-30K,72.0,42.0,3024.0,72.0,42.0,2,16,16,
RAD4-72.00X42.00-BR02-CK3-DF-KG-30K-SALES-AID-A.3.pdf,RAD4-72.00X42.00-BR02-CK3-DF-KG-30K,72.0,42.0,3024.0,72.0,42.0,2,16,16,
RAD4-72.00X53.50-CH04-D2-30K-SALES-AID-A.1.PDF,RAD4-72.00X53.50-CH04-D2-30K,72.0,53.5,3852.0,72.0,53.5,2,18,16,
RAD4-72.00X53.50-CH04-KG2-WG3-30K-SALES-AID-A.1.PDF,RAD4-72.00X53.50-CH04-KG2-WG3-30K,72.0,53.5,3852.0,72.0,53.5,2,18,18,
RAD4-72.00X54.00-BK05-DF-KG-30K-SALES-AID-A.1.PDF,RAD4-72.00X54.00-BK05-DF-KG-30K,72.0,54.0,3888.0,72.0,54.0,2,20,16,
RAD4-72.25X44.75-CH04-30K-SALES-AID-A.1.PDF,RAD4-72.25X44.75-CH04-30K,72.25,44.75,3233.1875,72.25,44.75,2,18,14,
RAD4-72.25X48.50-CH04-30K-SALES-AID-A.1.PDF,RAD4-72.25X48.50-CH04-30K,72.25,48.5,3504.125,72.25,48.5,2,18,16,
RAD4-72.25X56.50-BK05-D2-30K-SALES-AID-A.1.PDF,RAD4-72.25X56.50-BK05-D2-30K,72.25,56.5,4082.125,72.25,56.5,2,18,15,
RAD4-74.00X45.00-BK05-30K-SALES-AID-A.1.pdf,RAD4-74.00X45.00-BK05-30K,74.0,45.0,3330.0,74.0,45.0,2,16,16,
RAD4-77.00X47.00-BZ24-27K-SALES-AID-A.1.PDF,RAD4-77.00X47.00-BZ24-27K,77.0,47.0,3619.0,77.0,47.0,2,18,16,
RAD4-77.00X47.00-BZ24-D2-27K-SALES-AID-A.1.PDF,RAD4-77.00X47.00-BZ24-D2-27K,77.0,47.0,3619.0,77.0,47.0,2,18,16,
RAD4-78.00X35.00-BK05-30K-SALES-AID-A.1.pdf,RAD4-78.00X35.00-BK05-30K,78.0,35.0,2730.0,78.0,35.0,2,20,16,
RAD4-78.00X45.00-NK04-WG3-30K-SALES-AID-A.1.PDF,RAD4-78.00X45.00-NK04-WG3-30K,78.0,45.0,3510.0,78.0,45.0,2,16,16,
RAD4-78.00X47.00-BR02-D2-30K-SALES-AID-A.1.PDF,RAD4-78.00X47.00-BR02-D2-30K,78.0,47.0,3666.0,78.0,47.0,2,18,18,
RAD4-78.00X50.00-BK05-30K-SALES-AID-A.1.PDF,RAD4-78.00X50.00-BK05-30K,78.0,50.0,3900.0,78.0,50.0,2,16,16,
RAD4-78.00X50.00-BK05-D2-30K-SALES-AID-A.1.PDF,RAD4-78.00X50.00-BK05-D2-30K,78.0,50.0,3900.0,78.0,50.0,2,16,16,
RAD4-78.00X52.00-BK05-30K-SALES-AID-A.1.PDF,RAD4-78.00X52.00-BK05-30K,78.0,52.0,4056.0,78.0,52.0,2,16,16,
RAD4-78.25X38.75-CH04-D2-WG3-30K-SALES-AID-A.1.PDF,RAD4-78.25X38.75-CH04-D2-WG3-30K,78.25,38.75,3032.1875,78.25,38.75,2,16,16,
RAD4-78.25X48.50-CH04-30K-SALES-AID-A.1.PDF,RAD4-78.25X48.50-CH04-30K,78.25,48.5,3795.125,78.25,48.5,2,18,16,
RAD4-78.25X48.50-CH04-D2-30K-SALES-AID-A.1.PDF,RAD4-78.25X48.50-CH04-D2-30K,78.25,48.5,3795.125,78.25,48.5,2,18,16,
RAD4-78.25X66.25-CH04-D2-30K-SALES-AID-A.1.PDF,RAD4-78.25X66.25-CH04-D2-30K,78.25,66.25,5184.0625,78.25,66.25,2,20,18,
RAD4-83.00X36.00-CH04-CK2-D1-30K-SALES-AID-A.1.PDF,RAD4-83.00X36.00-CH04-CK2-D1-30K,83.0,36.0,2988.0,83.0,36.0,2,20,20,
RAD4-83.00X42.00-BK05-CK2-30K-SALES-AID-A.1.PDF,RAD4-83.00X42.00-BK05-CK2-30K,83.0,42.0,3486.0,83.0,42.0,2,20,20,
RAD4-84.00X36.00-BK05-30K-SALES-AID-A.1.PDF,RAD4-84.00X36.00-BK05-30K,84.0,36.0,3024.0,84.0,36.0,2,20,16,
RAD4-84.00X36.00-BK05-D1-35K-SALES-AID-A.1.PDF,RAD4-84.00X36.00-BK05-D1-35K,84.0,36.0,3024.0,84.0,36.0,2,20,16,
RAD4-84.00X36.00-CH04-D1-DF-30K-SALES-AID-A.1.PDF,RAD4-84.00X36.00-CH04-D1-DF-30K,84.0,36.0,3024.0,84.0,36.0,2,20,20,
RAD4-85285-46.00X44.25-CH11-KC-30K-SALES-AID-A.1.PDF,RAD4-85285-46.00X44.25-CH11-KC-30K,46.0,44.25,2035.5,46.0,44.25,3,12,12,12
RAD4-85294-34.00X34.00-CH11-KC-30K-SALES-AID-A.1.PDF,RAD4-85294-34.00X34.00-CH11-KC-30K,34.0,34.0,1156.0,34.0,34.0,3,12,12,10
RAD4-90.00X36.00-NK04-WG3-30K-SALES-AID-A.1.PDF,RAD4-90.00X36.00-NK04-WG3-30K,90.0,36.0,3240.0,90.0,36.0,2,20,20,
RAD4-92.00X48.00-CH04-D1-30K-SALES-AID-A.1.PDF,RAD4-92.00X48.00-CH04-D1-30K,92.0,48.0,4416.0,92.0,48.0,2,20,16,
RAD4-96.00X44.00-CH04-30K-SALES-AID-A.1.PDF,RAD4-96.00X44.00-CH04-30K,96.0,44.0,4224.0,96.0,44.0,2,20,16,
RAD4-96.00X44.00-CH04-D1-30K-SALES-AID-A.1.PDF,RAD4-96.00X44.00-CH04-D1-30K,96.0,44.0,4224.0,96.0,44.0,2,20,16,
RAD4-98.00X36.00-CH04-CK2-D1-30K-SALES-AID-A.1.PDF,RAD4-98.00X36.00-CH04-CK2-D1-30K,98.0,36.0,3528.0,98.0,36.0,2,20,20,
RAD4-98.00X42.00-BK05-D1-30K-SALES-AID-A.1.PDF,RAD4-98.00X42.00-BK05-D1-30K,98.0,42.0,4116.0,98.0,42.0,2,20,20,
RAD4-CSTM-34.00X39.00-BZ47-NO-WG3-30K-SALES-AID-A.1.PDF,RAD4-CSTM-34.00X39.00-BZ47-NO-WG3-30K,34.0,39.0,1326.0,39.0,34.0,2,12,10,
RAD4-CSTM-36.00X36.00-BK05-30K-SALES-AID-A.1.PDF,RAD4-CSTM-36.00X36.00-BK05-30K,36.0,36.0,1296.0,36.0,36.0,2,10,10,
RAD4-CSTM-36.00X60.00-BK05-D2-30K-SALES-AID-A.1.PDF,RAD4-CSTM-36.00X60.00-BK05-D2-30K,36.0,60.0,2160.0,60.0,36.0,2,14,14,
RAD4-CSTM-37.50X37.50-BK05-KG-30K-SALES-AID-A.1.PDF,RAD4-CSTM-37.50X37.50-BK05-KG-30K,37.5,37.5,1406.25,37.5,37.5,2,10,12,
RAD4-CSTM-38.00X60.00-BK05-D2-30K-SALES-AID-A.1.PDF,RAD4-CSTM-38.00X60.00-BK05-D2-30K,38.0,60.0,2280.0,60.0,38.0,2,14,14,
RAD4-CSTM-49.00X39.00-BZ47-NO-WG3-30K-SALES-AID-A.1.PDF,RAD4-CSTM-49.00X39.00-BZ47-NO-WG3-30K,49.0,39.0,1911.0,49.0,39.0,2,12,12,
RAD4-CSTM-52.00X63.00-BK05-D2-30K-SALES-AID-A.1.PDF,RAD4-CSTM-52.00X63.00-BK05-D2-30K,52.0,63.0,3276.0,63.0,52.0,2,16,16,
RAD4-CSTM-53.00X63.00-BK05-D2-30K-SALES-AID-A.1.PDF,RAD4-CSTM-53.00X63.00-BK05-D2-30K,53.0,63.0,3339.0,63.0,53.0,2,16,16,
RAD4-CSTM-55.00X60.00-BK05-D2-30K-SALES-AID-A.1.PDF,RAD4-CSTM-55.00X60.00-BK05-D2-30K,55.0,60.0,3300.0,60.0,55.0,2,16,16,
RAD4-CSTM-55.00X60.00-BK05-D2-30K-SALES-AID-A.2.PDF,RAD4-CSTM-55.00X60.00-BK05-D2-30K,55.0,60.0,3300.0,60.0,55.0,2,16,16,
RAD4-CSTM-60.00X66.50-BK05-D2-30K-SALES-AID-A.1.PDF,RAD4-CSTM-60.00X66.50-BK05-D2-30K,60.0,66.5,3990.0,66.5,60.0,2,18,18,
RAD4-CSTM-64.00X39.00-BK147-30K-SALES-AID-A.2.PDF,RAD4-CSTM-64.00X39.00-BK147-30K,64.0,39.0,2496.0,64.0,39.0,3,14,10,12
RAD4-CSTM-80.00X56.00-BK05-D2-30K-SALES-AID-A.1.PDF,RAD4-CSTM-80.00X56.00-BK05-D2-30K,80.0,56.0,4480.0,80.0,56.0,2,22,18,
RAD4-CSTM-84497-24.00X42.00-BZ47-CC2-NO-30K-SALES-AID-A.1.PDF,RAD4-CSTM-84497-24.00X42.00-BZ47-CC2-NO-30K,24.0,42.0,1008.0,42.0,24.0,3,12,10,10
RAD4-CSTM-84497-30.00X42.00-BZ47-CC2-NO-30K-SALES-AID-A.1.PDF,RAD4-CSTM-84497-30.00X42.00-BZ47-CC2-NO-30K,30.0,42.0,1260.0,42.0,30.0,3,12,10,10
RAD4-CSTM-84497-36.00X42.00-BZ47-CC2-NO-30K-SALES-AID-A.1.PDF,RAD4-CSTM-84497-36.00X42.00-BZ47-CC2-NO-30K,36.0,42.0,1512.0,42.0,36.0,3,12,10,10
RAD4-FRX-24.00X40.00-BZ47-KC-30K-SALES-AID-A.1.PDF,RAD4-84497-24.00X40.00-BZ47-KC-30K,24.0,40.0,960.0,40.0,24.0,2,10,10,
RAD4-FRX-24.00X42.00-BZ47-KC-30K-SALES-AID-A.1.PDF,RAD4-FRX-24.00X42.00-BZ47-KC-30K,24.0,42.0,1008.0,42.0,24.0,2,12,10,
RAD4-FRX-30.00X40.00-BZ47-KC-30K-SALES-AID-A.1.PDF,RAD4-84497-30.00X40.00-BZ47-KC-30K,30.0,40.0,1200.0,40.0,30.0,2,12,10,
RAD4-FRX-30.00X42.00-BZ47-KC-30K-SALES-AID-A.1.PDF,RAD4-FRX-30.00X42.00-BZ47-KC-30K,30.0,42.0,1260.0,42.0,30.0,2,12,10,
